id,contract_name,compiler_version,failure_reason,loc,
001,ImpossibleWrappedToken,v0.7.6+,,DAppSCAN-source/contracts/BlockSec-blocksec_impossible_finance_swap_v1.2/impossible-swap-core-29aaef89f996acdbee92b67c4d95fb608dc8b876/contracts/ImpossibleWrappedToken.sol,
002,ve,v0.8.11+,,DAppSCAN-source/contracts/BlockSec-blocksec_multichain_vemult_v1.0_signed/veMULTI-bac804399d1ea280e5bd8cdc9488b6fa6a0a7fcc/contracts/ve.sol,
003,SwitchDex,v0.4.16+,audit:no-reentrancy-harm,DAppSCAN-source/contracts/Callisto_Network-McAfeeDex Security Audit/MCAFEEDEXCONTRACT-5db8389ce23ce11fb273c9573772287aa75ce43b/contract.sol,
004,CToken,v0.8.6+,abstract,DAppSCAN-source/contracts/Chainsecurity-Compound  cToken unredacted/compound-protocol-4a54ec5c55b66ea67d44b76f3056f0ed7229db8c/contracts/CToken.sol,
005,Comptroller,v0.8.6+,,DAppSCAN-source/contracts/Chainsecurity-Compound  cToken unredacted/compound-protocol-4a54ec5c55b66ea67d44b76f3056f0ed7229db8c/contracts/Comptroller.sol,
006,TokensRelayer,v0.7.6+,audit:no-reentrancy-harm,DAppSCAN-source/contracts/Chainsecurity-POA Network  OmniBridge/omnibridge-9e602a3719e32feabc18fc387b9474acfa28cfe2/contracts/upgradeable_contracts/components/common/TokensRelayer.sol,
007,ReferralFeeReceiver,v0.6.0+,audit:low-reentrancy-harm,DAppSCAN-source/contracts/Chainsulting-1inch/liquidity-protocol-master/contracts/ReferralFeeReceiver.sol,
008,,,,DAppSCAN-source/contracts/Chainsulting-Furucombo-project2/trevi-b3f7fd332873321152db48c9d43fc23a60a29f1a/contracts/FountainBase.sol,
009,,,,DAppSCAN-source/contracts/Coinbae-Barnbridge_Vault/CommunityVault0xA3C299eEE1998F45c20010276684921EBE6423D9/contracts/CommunityVault.sol,
010,,,,DAppSCAN-source/contracts/Coinbae-Hakka_Finance_wHakka/code/wHakka.sol,
011,,,,DAppSCAN-source/contracts/Coinbae-Pud.Fi Masterchef_Audit/MasterChef0x15Bee180BB39eE5c0166E63313C33984376930Db/contracts/MasterChef.sol,
012,,,,DAppSCAN-source/contracts/Coinbae-SpaceMonkey/SpaceMonkey0x9298f766581650e81357f5C66C91cc003f2b75Aa/root/workspace/GXC/contracts/SPMK/SpaceMonkey.sol,
013,,,,DAppSCAN-source/contracts/Coinbae-TapCoins_Token_Contract/code/Etherscan-0x9F599410D207f3D2828a8712e5e543AC2E040382.sol,
014,,,,DAppSCAN-source/contracts/Coinfabrik-MintingFactoryV2, BaseUpgradableMarketplace & KODAV3UpgradableGatedMarketplace/known-origin-contracts-v3-d592c5f4fa4e0b6fc65a1fce43e302706aedf607/contracts/minter/MintingFactoryV2.sol
015,,,,DAppSCAN-source/contracts/Coinfabrik-Woonkly Security Audit (DEX STAKE)/STAKESmartContractPreRelease-main/woonklyPOS.sol,
016,,,,DAppSCAN-source/contracts/Coinspect-Tempus Audit/tempus-protocol-ee5964bd416770e00639a4053b45f346e4bf8b93/contracts/TempusController.sol,
017,,,,DAppSCAN-source/contracts/Hacken-Ground Zero/code/IDO.sol,
018,,,,DAppSCAN-source/contracts/Hacken-Powerbomb-V1/powerbomb-lite-0f86ff1eecdd723be733a9b33ff4ffa3bbdadcee/hardhat/contracts/PowerBombAvaxCurve.sol,
019,,,,DAppSCAN-source/contracts/ImmuneBytes-Bird Money(MasterChef)-Audit Report/bird-farm-contracts-dfd2502b73c8f54c9081682c3eb070fcd3c00629/contracts/MasterChef.sol,
020,,,,DAppSCAN-source/contracts/ImmuneBytes-Bird Money-Final Audit Report/bird-farm-contracts-dfd2502b73c8f54c9081682c3eb070fcd3c00629/contracts/MasterChef.sol,
021,,,,DAppSCAN-source/contracts/Inspex-SuperLauncher V.2/v2-core-ba2ce0aedbefd79d6f2154f7ccc4954bba33592a/MainWorkflow.sol,
022,,,,DAppSCAN-source/contracts/Inspex-Tokens, Farm & Shop/-SpeedStar-Audit-3e39d7acf9c1aa9f3a5511c161c2035ba7d6bc1f/contracts/farm/Staking.sol
023,,,,DAppSCAN-source/contracts/Iosiro-1inch Exchange Staking Rewards Smart Contract Audit/liquidity-protocol-c9c8bc600e8e7897f70f84b006de601d4f4bcbe3/BaseRewards.sol,
024,,,,DAppSCAN-source/contracts/Iosiro-SNX FlashBurn Smart Contract Audit/flashburn-3aa02a3d63d9e0110a5b6669a4a4011ceee3cf2b/packages/contracts/contracts/SNXFlashLoanTool.sol,
025,,,,DAppSCAN-source/contracts/Iosiro-Synthetix Vest Tool Smart Contract Audit/tokenvest-36573f264d42d4549b9f903a014783e01029c978/Vester.sol,
026,,,,DAppSCAN-source/contracts/PeckShield-AaveV3/code/aave-v3-core-14f6148e21b477d78347db6a1603039c9559e275/contracts/protocol/libraries/logic/FlashLoanLogic.sol,
027,,,,DAppSCAN-source/contracts/PeckShield-Arche/Arche_v1.0_Eros-909f35e0064d636aaf61954a6026fda7b2bade7f/Swap_Factory_Future.sol,
028,,,,DAppSCAN-source/contracts/PeckShield-Atlantis/atlantis-protocol-bsc-766acebba9316eced1c15abf6158b31f470a947f/contracts/AToken.sol,
029,,,,DAppSCAN-source/contracts/PeckShield-BNPL/BNPL-0ee587a081668dcab166a3a275b8a6c4794ead4d/contracts/BankingNode.sol,
030,,,,DAppSCAN-source/contracts/PeckShield-BabySwap/code/baby-swap-contract-cac289bf978d969c95721c2adb9f199cee72ffa6/contracts/farm/MasterChef.sol,
031,,,,DAppSCAN-source/contracts/PeckShield-Buffer/code/Buffer-Protocol-1c648bb35feca23bc801ce76aba63ca66af5917e/contracts/Options/BufferBNBOptions.sol,
032,,,,DAppSCAN-source/contracts/PeckShield-COIN98/code/code.sol,
033,,,,DAppSCAN-source/contracts/PeckShield-Convex_Frax/frax-cvx-platform-2f8573ee796daa022c1050b4a749bf08049c439b/contracts/contracts/StakingProxyUniV3.sol,
034,,,,DAppSCAN-source/contracts/PeckShield-CryptoHeroes/cryptoheroes-6cb0eaf8c88fdaab89d2b4c83535a189c7793001/CryptoHeroesUniverse.sol,
035,,,,DAppSCAN-source/contracts/PeckShield-DSG/core-6f607f77698936e132e4e9b5cb4d75580636d919/contracts/pools/SinglePool.sol,
036,,,,DAppSCAN-source/contracts/PeckShield-DarkCrypto/darkcrypto-contracts-fee5be8d36459aebed2b84e6493875b3dc0366fd/contracts/distribution/SkyRewardPool.sol,
037,,,,DAppSCAN-source/contracts/PeckShield-ERC20_FAT/code/code.sol,
038,,,,DAppSCAN-source/contracts/PeckShield-ERC20_LuckyChip/core-0d957aa387d29297fc6ebfc69140440be6d791c1/contracts/token/LCToken.sol,
039,,,,DAppSCAN-source/contracts/PeckShield-Hegic(v8888)/Hegic-v8888-2dcd44dc1ae07881e94d52fa618f9704bfd4ffda/contracts/Pool/HegicPool.sol,
040,,,,DAppSCAN-source/contracts/PeckShield-Holdefi/Holdefi-5a1e6e0d582120142e8a531f6806eba6665ef2f4/contracts/Holdefi.sol,
041,,,,DAppSCAN-source/contracts/PeckShield-KaoyaSwap/contracts-8273073f1d6914f372790399378f177573c52e37/masterchef.sol,
042,,,,DAppSCAN-source/contracts/PeckShield-MilkySwap/milkyswap-59f163e9959cf8bae4a521a9648219b553312e07/contracts/MasterMilker.sol,
043,,,,DAppSCAN-source/contracts/PeckShield-OpenLeverage1.0/openleverage-contracts-e31d971bcb38ec8737cf1942b8fdf6a9452e5834/contracts/liquidity/LPool.sol,
044,,,,DAppSCAN-source/contracts/PeckShield-PikaPerpV2/PikaPerpV2-4a0965ff90ed099b7e2d3e8dda47cd589ee8e3a2/contracts/perp/PikaPerpV2.sol,
045,,,,DAppSCAN-source/contracts/PeckShield-PlutosV1/plutos-eth-contract-0777815/contracts/PMintBurn.sol,
046,,,,DAppSCAN-source/contracts/PeckShield-Rikkei/rifi-protocol-b33243fb3a218cc195f0727fe1499cb57f5ea0b2/contracts/RToken.sol,
047,,,,DAppSCAN-source/contracts/PeckShield-ShibaNova/Contracts-b6b1ce1fcaff83d360df8944309f49958842b7b8/shibanova/contracts/MasterShiba.sol,
048,,,,DAppSCAN-source/contracts/PeckShield-StackerVC/StackerVC_VentureFund001-3cfb98b21f4731dfd62993feb7c7d1540837f59b/contracts/Token/LPGauge.sol,
049,,,,DAppSCAN-source/contracts/PeckShield-SushiSwap/sushiswap-180bc9b642bba79c1ee4a63f71a3a0d36e64aa63/contracts/MasterChef.sol,
050,,,,DAppSCAN-source/contracts/PeckShield-TranchessV1.1/contract-core-68a86350313c1cb9e5467e791d3e9efaf228a0df/contracts/exchange/StakingV2.sol,
051,,,,DAppSCAN-source/contracts/PeckShield-Tranchessv1.0/contract-core-5ac3d997da3ef37b0135565a11c5ebcc519862aa/contracts/governance/LiquidityStaking.sol,
052,,,,DAppSCAN-source/contracts/PeckShield-btdotfinance/bt-finance-6300bc1271b73a1755fae02594d25fdf6fa39a9c/contracts/vault/bVault.sol,
053,,,,DAppSCAN-source/contracts/PepperSec-Aira-Robonomic/robonomics_contracts-cc35a91de187072214d215262d8371f0159c2498/contracts/robonomics/LighthouseLib.sol,
054,,,,DAppSCAN-source/contracts/PepperSec-Aira-Robonomic/robonomics_contracts-cc35a91de187072214d215262d8371f0159c2498/contracts/robonomics/RobotLiabilityLib.sol,
055,,,,DAppSCAN-source/contracts/QuillAudits-1inch-Fee Collector/fee-collector-3c2626763fd829500496f15476d5e98fbdf4f574/contracts/FeeCollector.sol,
056,,,,DAppSCAN-source/contracts/QuillAudits-1inch-Fixed Rate Swap/fixed-rate-swap-0b5a75e9f56e7d21c290dd28c59dc140dcbcc1d5/contracts/FixedRateSwap.sol,
057,,,,DAppSCAN-source/contracts/QuillAudits-1inch-Limit Order Protocol/limit-order-protocol-a14bde6a260458de5083cee117d734221e1cbc05/contracts/LimitOrderProtocol.sol,
058,,,,DAppSCAN-source/contracts/QuillAudits-AAVE-ParaSwap Adapter/aave-protocol-v2-14e2ab47d95f42ec5ee486f367067e78a7588878/contracts/adapters/BaseParaSwapSellAdapter.sol,
059,,,,DAppSCAN-source/contracts/QuillAudits-AAVE-ParaSwap Adapter/aave-protocol-v2-14e2ab47d95f42ec5ee486f367067e78a7588878/contracts/adapters/BaseParaSwapAdapter.sol,
060,,,,DAppSCAN-source/contracts/QuillAudits-ACYC Token Smart Contracts/AllCoinsYieldCapital0xB56A1f3310578f23120182Fb2e58c087EFE6e147/src/contracts/acyc.sol,
061,,,,DAppSCAN-source/contracts/QuillAudits-Abyss Finance-Abyss Eth2 Depositor/abyss-eth2depositor-a2d58dea4d79846dc682fe93ac3e0eca02323d11/contracts/AbyssEth2Depositor.sol,
062,,,,DAppSCAN-source/contracts/QuillAudits-Algovest/AlgoVestStaking0x090e69e7F48AFC059e480F297042DEA396B971e7/srv/tecmie/algovest/AVS-staking/contracts/stakin_contract.sol,
063,,,,DAppSCAN-source/contracts/QuillAudits-Alium Finance Smart Contract/alium-farm-e37d6af39af68049c2684085f025385407b4bd55/contracts/MasterChef.sol,
064,,,,DAppSCAN-source/contracts/QuillAudits-BCUBE Smart Contract/b-cube-ico-13f9f8a991a65f3e0ca60a2078121fdd5a921fb0/contracts/BCubePublicSale.sol,
065,,,,DAppSCAN-source/contracts/QuillAudits-Bond Appetit-Bond Appetit/bondappetit-protocol-355180f0aca0b29d60d808f761052956b7a3a159/contracts/profit/ProfitSplitter.sol,
066,,,,DAppSCAN-source/contracts/QuillAudits-Bond Appetit-Bond Appetit/bondappetit-protocol-88680691fe8d872c5fc26e9500d19cf7caaa9861/contracts/profit/ProfitSplitter.sol,
067,,,,DAppSCAN-source/contracts/QuillAudits-BsktEthLPPool Smart Contract/code/BsktEthLPPool.sol,
068,,,,DAppSCAN-source/contracts/QuillAudits-C.R.E.A.M. Finance-Flashloan/compound-protocol-e414160eb8a774140457c885bb099baae528df04/contracts/CCapableErc20.sol,
069,,,,DAppSCAN-source/contracts/QuillAudits-GearBox Protocol-GearBox Protocol/gearbox-contracts-0ac33ba87212ce056ac6b6357ad74161d417158a/contracts/core/WETHGateway.sol,
070,,,,DAppSCAN-source/contracts/QuillAudits-GearBox Protocol-GearBox Protocol/gearbox-contracts-0ac33ba87212ce056ac6b6357ad74161d417158a/contracts/adapters/CurveV1.sol,
071,,,,DAppSCAN-source/contracts/QuillAudits-GearBox Protocol-GearBox Protocol/gearbox-contracts-0ac33ba87212ce056ac6b6357ad74161d417158a/contracts/adapters/UniswapV3.sol,
072,,,,DAppSCAN-source/contracts/QuillAudits-GearBox Protocol-GearBox Protocol/gearbox-contracts-0ac33ba87212ce056ac6b6357ad74161d417158a/contracts/adapters/UniswapV2.sol,
073,,,,DAppSCAN-source/contracts/QuillAudits-GearBox Protocol-GearBox Protocol/gearbox-contracts-0ac33ba87212ce056ac6b6357ad74161d417158a/contracts/adapters/YearnV2.sol,
074,,,,DAppSCAN-source/contracts/QuillAudits-GearBox Protocol-GearBox Protocol/gearbox-contracts-0ac33ba87212ce056ac6b6357ad74161d417158a/contracts/pool/PoolService.sol,
075,,,,DAppSCAN-source/contracts/QuillAudits-Keep3r.Network-Keep3r.Network/StakingRewardsV3-13ecc6966ae1a413f62224382bfd4d64b1a22351/contracts/StakingRewardsV3-1.sol,
076,,,,DAppSCAN-source/contracts/QuillAudits-MiniDOGE Smart Contract/code/MiniDOGE.sol,
077,,,,DAppSCAN-source/contracts/QuillAudits-Moonship Smart Contract/contracts-74658f327c56d66dae8e9c96bffa3f98e806c831/moonship.sol,
078,,,,DAppSCAN-source/contracts/QuillAudits-Yearn Finance-Yearn Protocol V1/yearn-protocol-9ff0dc0ea73642c529383d0675930a41bf033295/contracts/vaults/yWETH.sol,
079,,,,DAppSCAN-source/contracts/QuillAudits-Yearn Finance-Yearn Vaults V3/yearn-vaults-e390c2a6b2ba6e2ecc8f3a72a1ea4adfabd17544/contracts/yToken.sol,
080,,,,DAppSCAN-source/contracts/QuillAudits-coalichain/CoaliSC-3f0920d650467279f7ceee08776bd74ecadd3237/Main.sol,
081,,,,DAppSCAN-source/contracts/Runtime_Vеrification-ElementFinance/elf-contracts-637c6f959315cbb11a164555e588520c7d89122b/contracts/YVaultAssetProxy.sol,
082,,,,DAppSCAN-source/contracts/Runtime_Vеrification-Element_Finance_Governance_Security_Audit_Report/council-3d751c959b42573c78ccd0bccbc80424bf6d9a90/contracts/CoreVoting.sol,
083,,,,DAppSCAN-source/contracts/Runtime_Vеrification-GnosisSafe/safe-contracts-427d6f7e779431333c54bcb4d4cde31e4d57ce96/contracts/GnosisSafe.sol,
084,,,,DAppSCAN-source/contracts/Runtime_Vеrification-stakefish_ethereum_staking_audit_report/eth2-validation-services-contract-d91928f3a270f6115831fe3a21a69eb98bf57b26/contracts/StakefishERC721Wrapper.sol,
085,,,,DAppSCAN-source/contracts/SlowMist-CFFv2 Smart Contract Security Audit Report/cff-contract-v2-c86bef3f13c7585f547f9cd0ca900f94664e96b7/contracts/core/CFVault.sol,
086,,,,DAppSCAN-source/contracts/SlowMist-ForTube2.0 Smart Contract Security Audit Report/bond-854527d0ea7ad2ddd3504b4d4ae3fcb57cb6445d/contracts/PRA.sol,
087,,,,DAppSCAN-source/contracts/Solidity_Finance-OKLG - Smart Contract/contracts-e167d0d742d21bcc62d7a5b770a1f0ed1cf31eca/contracts/OKLGTokenLocker.sol,
088,,,,DAppSCAN-source/contracts/Trail_of_Bits-Liquity/dev-f0df3efa5a5f05b205752184cfce107c5bd6e06c/packages/contracts/contracts/BorrowerOperations.sol,
089,,,,DAppSCAN-source/contracts/Trail_of_Bits-MapleFinance/liquidations-35c628e5ab45fbffaab7aef43a030a98b712a94a/contracts/Liquidator.sol,
090,,,,DAppSCAN-source/contracts/Trail_of_Bits-OriginDollar/origin-dollar-81431fd3b2aa4c518ffc389844f9708c00b516f0/contracts/contracts/vault/VaultCore.sol,
091,,,,DAppSCAN-source/contracts/Trail_of_Bits-ampleforth/market-oracle-888fccaf05786f3f7f49e18ff040f911d44906f4/contracts/MarketOracle.sol,
092,,,,DAppSCAN-source/contracts/Trail_of_Bits-hermez/contracts-d52ed73a0c7deaf06fcb0f981e14326f95cd1b78/contracts/hermez/Hermez.sol,
093,,,,DAppSCAN-source/contracts/consensys-0x_Exchange_v4/protocol-475b608338561a1dce3199bfb9fb59ee9372149b/contracts/zero-ex/contracts/src/features/UniswapFeature.sol,
094,,,,DAppSCAN-source/contracts/consensys-0x_Exchange_v4/protocol-475b608338561a1dce3199bfb9fb59ee9372149b/contracts/zero-ex/contracts/src/features/MetaTransactionsFeature.sol,
095,,,,DAppSCAN-source/contracts/consensys-Aave_Protocol_V2/aave-protocol-v2-f756f44a8d6a328cd545335e46e7128939db88c4/contracts/lendingpool/LendingPool.sol,
096,,,,DAppSCAN-source/contracts/consensys-Amp/amp-token-contracts-6871b6c64c712835b332e515cc553308dcbbc539/contracts/Amp.sol,
097,,,,DAppSCAN-source/contracts/consensys-Connext NXTP — Noncustodial Xchain Transfer Protocol/nxtp-0656436d654cfe0313fa3c2bbc81aa86232ade16/packages/contracts/contracts/TransactionManager.sol,
098,,,,DAppSCAN-source/contracts/consensys-DeFi_Saver/defisaver-v3-contracts-cb29669a84c2d6fffaf2231c0938eb407c060919/contracts/actions/flashloan/FLAaveV2.sol,
099,,,,DAppSCAN-source/contracts/consensys-Gamma/hypervisor-41fd4abf79864478523e87924d4e80d80df04879/contracts/Hypervisor.sol,
100,,,,DAppSCAN-source/contracts/consensys-Gamma/hypervisor-41fd4abf79864478523e87924d4e80d80df04879/contracts/UniProxy.sol,
101,,,,DAppSCAN-source/contracts/consensys-GrowthDeFi WHEAT/wheat-v1-core-8360ac0a537589bb974e8a5a169bb3e7c95d2857/contracts/Exchange.sol,
102,,,,DAppSCAN-source/contracts/consensys-Idle_Finance/idle-tranches-d94ee7194e8cb17db13b16c338f3e780b62f5435/contracts/IdleCDO.sol,
103,,,,DAppSCAN-source/contracts/consensys-PoolTogether_Pods/pods-v3-contracts-879dc8b911fc506dd6bead1f36eade919ccfea57/contracts/Pod.sol,
104,,,,DAppSCAN-source/contracts/consensys-PoolTogether_Pods/pods-v3-contracts-879dc8b911fc506dd6bead1f36eade919ccfea57/contracts/TokenDrop.sol,
105,,,,DAppSCAN-source/contracts/consensys-PoolTogether_Sushi_and_Yearn_V2_Yield_Sources/pooltogether-yearnv2-yield-source-a34857f1555908a6263d2ebd189f0cb40e1858da/contracts/yield-source/YearnV2YieldSource.sol,
106,,,,DAppSCAN-source/contracts/consensys-Skale_Token/skale-manager-50c8f4e037f6bf578d62bd752516b17237b55811/contracts/ERC777/LockableERC777.sol,
107,,,,DAppSCAN-source/contracts/consensys-Skale_Token/skale-manager-50c8f4e037f6bf578d62bd752516b17237b55811/contracts/delegation/SkaleBalances.sol,
108,,,,DAppSCAN-source/contracts/consensys-Skyweaver/Skyweaver-contracts-bde0c184db6168bf86656a48b12d5747950b54d9/contracts/shop/EternalHeroesFactory.sol,
109,,,,DAppSCAN-source/contracts/consensys-Zer0_zBanc/zBanc-48da0ac1eebbe31a74742f1ae4281b156f03a4bc/solidity/contracts/converter/types/liquid-token/DynamicLiquidTokenConverter.sol,
110,,,,DAppSCAN-source/contracts/openzeppelin-Arcade_City_token/ac-token-dd4207e1538f96eb3cbbf9e714eb38015bfe7c5a/ARCToken.sol,
111,,,,DAppSCAN-source/contracts/openzeppelin-COSMOS_Fundraiser/fundraiser-lib-693cf3f32e9fd679216372876dda86fa57a3277e/src/truffle/contracts/Fundraiser.sol,
112,,,,DAppSCAN-source/contracts/openzeppelin-Endaoment/endaoment-contracts-f60aa253d3d869ad6460877f23e6092acb313add/Fund.sol,
113,,,,DAppSCAN-source/contracts/openzeppelin-Opyn_Gamma_Protocol/GammaProtocol-d151621b33134789b29dc78eb89dad2b557b25b9/contracts/Controller.sol,
114,,,,DAppSCAN-source/contracts/openzeppelin-Solo_Margin_Protocol/solo-17df84db351d5438e1b7437572722b4f52c8b2b4/contracts/protocol/impl/AdminImpl.sol,
